--
-- PostgreSQL database dump
--

-- Dumped from database version 9.5.13
-- Dumped by pg_dump version 9.5.13

SET statement_timeout = 0;
SET lock_timeout = 0;
SET client_encoding = 'UTF8';
SET standard_conforming_strings = on;
SELECT pg_catalog.set_config('search_path', '', false);
SET check_function_bodies = false;
SET client_min_messages = warning;
SET row_security = off;

--
-- Name: plpgsql; Type: EXTENSION; Schema: -; Owner:
--

CREATE EXTENSION IF NOT EXISTS plpgsql WITH SCHEMA pg_catalog;


--
-- Name: EXTENSION plpgsql; Type: COMMENT; Schema: -; Owner:
--

COMMENT ON EXTENSION plpgsql IS 'PL/pgSQL procedural language';


SET default_tablespace = '';

SET default_with_oids = false;

--
-- Name: orders; Type: TABLE; Schema: public; Owner: lootuser
--

CREATE TABLE orders (
    id integer NOT NULL,
    side text NOT NULL,
    amount real NOT NULL,
    ts timestamp without time zone DEFAULT now() NOT NULL,
    pair text NOT NULL,
    done boolean DEFAULT false,
    position_id integer
);


ALTER TABLE public.orders OWNER TO lootuser;

--
-- Name: positions; Type: TABLE; Schema: public; Owner: lootuser
--

CREATE TABLE positions (
    id integer NOT NULL,
    installments integer NOT NULL,
    size real,
    ts timestamp without time zone DEFAULT now() NOT NULL,
    pair text,
    done boolean,
    side text,
    profit real
);


ALTER TABLE public.positions OWNER TO lootuser;

--
-- Name: positions_id_seq; Type: SEQUENCE; Schema: public; Owner: lootuser
--

CREATE SEQUENCE public.positions_id_seq
    START WITH 1
    INCREMENT BY 1
    NO MINVALUE
    NO MAXVALUE
    CACHE 1;


ALTER TABLE public.positions_id_seq OWNER TO lootuser;

--
-- Name: positions_id_seq; Type: SEQUENCE OWNED BY; Schema: public; Owner: lootuser
--

ALTER SEQUENCE public.positions_id_seq OWNED BY public.positions.id;


--
-- Name: signals_id_seq; Type: SEQUENCE; Schema: public; Owner: lootuser
--

CREATE SEQUENCE public.signals_id_seq
    START WITH 1
    INCREMENT BY 1
    NO MINVALUE
    NO MAXVALUE
    CACHE 1;


ALTER TABLE public.signals_id_seq OWNER TO lootuser;

--
-- Name: signals_id_seq; Type: SEQUENCE OWNED BY; Schema: public; Owner: lootuser
--

ALTER SEQUENCE public.signals_id_seq OWNED BY public.orders.id;


--
-- Name: trades; Type: TABLE; Schema: public; Owner: lootuser
--

CREATE TABLE trades (
    id bigint NOT NULL,
    order_id integer NOT NULL,
    side text NOT NULL,
    amount real NOT NULL,
    ts timestamp without time zone DEFAULT now() NOT NULL,
    pair text NOT NULL
);


ALTER TABLE public.trades OWNER TO lootuser;

--
-- Name: trades_id_seq; Type: SEQUENCE; Schema: public; Owner: lootuser
--

CREATE SEQUENCE public.trades_id_seq
    START WITH 1
    INCREMENT BY 1
    NO MINVALUE
    NO MAXVALUE
    CACHE 1;


ALTER TABLE public.trades_id_seq OWNER TO lootuser;

--
-- Name: trades_id_seq; Type: SEQUENCE OWNED BY; Schema: public; Owner: lootuser
--

ALTER SEQUENCE public.trades_id_seq OWNED BY public.trades.id;


--
-- Name: id; Type: DEFAULT; Schema: public; Owner: lootuser
--

ALTER TABLE ONLY public.orders ALTER COLUMN id SET DEFAULT nextval('public.signals_id_seq'::regclass);


--
-- Name: id; Type: DEFAULT; Schema: public; Owner: lootuser
--

ALTER TABLE ONLY public.positions ALTER COLUMN id SET DEFAULT nextval('public.positions_id_seq'::regclass);


--
-- Name: id; Type: DEFAULT; Schema: public; Owner: lootuser
--

ALTER TABLE ONLY public.trades ALTER COLUMN id SET DEFAULT nextval('public.trades_id_seq'::regclass);


--
-- Data for Name: orders; Type: TABLE DATA; Schema: public; Owner: lootuser
--

COPY public.orders (id, side, amount, ts, pair, done, position_id) FROM stdin;
223	sell	0.00200000009	2018-07-05 07:24:36.350578	BTCUSD	t	104
224	close	0	2018-07-05 08:34:37.542734	BTCUSD	t	104
225	buy	0.00200000009	2018-07-05 09:24:02.981203	BTCUSD	t	105
226	close	0	2018-07-05 10:49:03.005753	BTCUSD	t	105
227	sell	0.00200000009	2018-07-05 10:54:02.869836	BTCUSD	t	106
228	close	0	2018-07-05 11:09:02.977414	BTCUSD	t	106
229	sell	0.00200000009	2018-07-05 11:19:02.896893	BTCUSD	t	107
230	close	0	2018-07-05 11:29:03.189126	BTCUSD	t	107
231	buy	0.00200000009	2018-07-05 11:34:03.0057	BTCUSD	t	108
232	buy	0.00400000019	2018-07-05 11:44:04.989885	BTCUSD	t	108
233	buy	0.00600000005	2018-07-05 11:54:03.02722	BTCUSD	t	108
234	close	0	2018-07-05 14:44:04.067665	BTCUSD	t	108
235	sell	0.00200000009	2018-07-05 15:09:03.049163	BTCUSD	t	109
236	close	0	2018-07-05 17:04:03.115323	BTCUSD	t	109
237	sell	0.00200000009	2018-07-05 18:04:03.147911	BTCUSD	t	110
238	close	0	2018-07-05 19:34:03.168784	BTCUSD	t	110
239	sell	0.00200000009	2018-07-05 19:39:03.211528	BTCUSD	t	111
240	close	0	2018-07-05 19:49:03.252426	BTCUSD	t	111
241	sell	0.00200000009	2018-07-05 19:54:01.233278	BTCUSD	t	112
242	sell	0.0500000007	2018-07-05 23:21:15.870492	BTCUSD	t	113
243	close	0	2018-07-06 17:11:30.52822	BTCUSD	t	113
244	buy	0.0500000007	2018-07-07 05:11:30.920065	BTCUSD	t	114
245	close	0	2018-07-07 15:06:44.449225	BTCUSD	t	114
246	sell	0.0500000007	2018-07-07 19:06:44.519419	BTCUSD	t	115
247	close	0	2018-07-08 01:06:44.562478	BTCUSD	t	115
248	buy	0.0399999991	2018-07-08 05:06:45.632305	BTCUSD	t	116
249	close	0	2018-07-10 07:44:56.925052	BTCUSD	t	116
250	sell	0.0399999991	2018-07-11 07:19:58.427835	BTCUSD	t	124
251	close	0	2018-07-12 08:19:59.421919	BTCUSD	t	124
252	sell	0.0500000007	2018-07-12 17:19:59.693373	BTCUSD	t	125
253	close	0	2018-07-12 23:19:59.311878	BTCUSD	t	125
254	sell	0.0500000007	2018-07-13 21:19:59.692339	BTCUSD	t	126
255	close	0	2018-07-14 15:19:59.72152	BTCUSD	t	126
256	buy	0.0399999991	2018-07-15 05:19:59.908675	BTCUSD	t	127
257	buy	0.0799999982	2018-07-15 07:19:59.829314	BTCUSD	t	127
258	buy	0.0520611182	2018-07-15 09:19:59.915649	BTCUSD	t	127
259	close	0	2018-07-15 10:19:59.94552	BTCUSD	t	127
260	buy	0.0399999991	2018-07-15 11:19:59.957921	BTCUSD	t	128
261	close	0	2018-07-15 12:19:59.97775	BTCUSD	t	128
262	buy	0.0399999991	2018-07-15 13:20:00.068165	BTCUSD	t	129
263	close	0	2018-07-16 11:20:00.283046	BTCUSD	t	129
264	buy	0.0399999991	2018-07-17 06:11:06.868522	BTCUSD	t	130
265	close	0	2018-07-17 19:11:07.06052	BTCUSD	t	130
266	buy	0.0399999991	2018-07-18 09:27:56.825573	BTCUSD	t	131
267	close	0	2018-07-18 11:27:57.795896	BTCUSD	t	131
268	buy	0.0399999991	2018-07-18 14:27:57.906196	BTCUSD	t	132
269	close	0	2018-07-18 15:27:58.704776	BTCUSD	t	132
270	buy	0.0399999991	2018-07-18 16:27:57.739516	BTCUSD	t	133
271	close	0	2018-07-18 19:27:56.684573	BTCUSD	t	133
272	buy	0.0399999991	2018-07-18 20:27:57.775277	BTCUSD	t	134
273	close	0	2018-07-20 19:27:57.184679	BTCUSD	t	134
274	sell	0.0399999991	2018-07-21 05:27:57.544924	BTCUSD	t	135
275	close	0	2018-07-21 18:27:57.814053	BTCUSD	t	135
276	buy	0.0399999991	2018-07-22 03:27:58.204686	BTCUSD	t	136
277	close	0	2018-07-23 08:32:06.571729	BTCUSD	t	136
278	buy	0.0399999991	2018-07-23 09:32:06.622817	BTCUSD	t	137
\.


--
-- Data for Name: positions; Type: TABLE DATA; Schema: public; Owner: lootuser
--

COPY public.positions (id, installments, size, ts, pair, done, side, profit) FROM stdin;
104	3	0.00200000009	2018-07-05 07:24:36.326663	BTCUSD	t	sell	-0.0394404009
105	3	0.00200000009	2018-07-05 09:24:02.960821	BTCUSD	t	buy	-0.106871203
106	3	0.00200000009	2018-07-05 10:54:02.861452	BTCUSD	t	sell	-0.0702608004
107	3	0.00200000009	2018-07-05 11:19:02.880925	BTCUSD	t	sell	-0.0506643988
108	3	0.00200000009	2018-07-05 11:34:02.989582	BTCUSD	t	buy	-0.235196412
109	3	0.00200000009	2018-07-05 15:09:03.03893	BTCUSD	t	sell	-0.0955019966
110	3	0.00200000009	2018-07-05 18:04:03.13271	BTCUSD	t	sell	0.181054398
111	3	0.00200000009	2018-07-05 19:39:03.203265	BTCUSD	t	sell	0.0109464005
113	3	0.0500000007	2018-07-05 23:21:15.835628	BTCUSD	t	sell	-4.02684021
112	3	0.00200000009	2018-07-05 19:54:01.217202	BTCUSD	t	sell	null
114	3	0.0500000007	2018-07-07 05:11:30.701798	BTCUSD	t	buy	-3.26926994
115	3	0.0500000007	2018-07-07 19:06:44.445003	BTCUSD	t	sell	-12.2575102
116	3	0.0399999991	2018-07-08 05:06:45.454928	BTCUSD	t	buy	-5.83354568
117	3	0.0399999991	2018-07-10 09:44:56.311576	BTCUSD	f	sell	null
118	3	0.0399999991	2018-07-11 01:44:55.746818	BTCUSD	f	sell	null
119	3	0.0399999991	2018-07-11 02:44:55.788568	BTCUSD	f	sell	null
120	3	0.0399999991	2018-07-11 03:44:55.859964	BTCUSD	f	sell	null
121	3	0.0399999991	2018-07-11 04:44:55.797594	BTCUSD	f	sell	null
122	3	0.0399999991	2018-07-11 05:44:56.612987	BTCUSD	f	sell	null
123	3	0.0399999991	2018-07-11 06:44:55.848931	BTCUSD	f	sell	null
124	3	0.0399999991	2018-07-11 07:19:58.381502	BTCUSD	t	sell	4.15088081
125	3	0.0500000007	2018-07-12 17:19:59.656875	BTCUSD	t	sell	0.603526652
126	3	0.0500000007	2018-07-13 21:19:59.609102	BTCUSD	t	sell	-3.21918011
127	3	0.0399999991	2018-07-15 05:19:59.785367	BTCUSD	t	buy	2.22602701
128	3	0.0399999991	2018-07-15 11:19:59.94663	BTCUSD	t	buy	0.000815999985
129	3	0.0399999991	2018-07-15 13:20:00.052971	BTCUSD	t	buy	6.97771978
130	3	0.0399999991	2018-07-17 06:11:06.847877	BTCUSD	t	buy	25.475872
131	3	0.0399999991	2018-07-18 09:27:56.684678	BTCUSD	t	buy	1.97139204
132	3	0.0399999991	2018-07-18 14:27:57.879792	BTCUSD	t	buy	0.132535994
133	3	0.0399999991	2018-07-18 16:27:57.720829	BTCUSD	t	buy	2.80872798
134	3	0.0399999991	2018-07-18 20:27:57.703972	BTCUSD	t	buy	-3.34327197
135	3	0.0399999991	2018-07-21 05:27:57.439515	BTCUSD	t	sell	-6.10833597
136	3	0.0399999991	2018-07-22 03:27:58.078983	BTCUSD	t	buy	12.1830559
137	3	0.0399999991	2018-07-23 09:32:06.580568	BTCUSD	f	buy	null
\.


--
-- Name: positions_id_seq; Type: SEQUENCE SET; Schema: public; Owner: lootuser
--

SELECT pg_catalog.setval('public.positions_id_seq', 137, true);


--
-- Name: signals_id_seq; Type: SEQUENCE SET; Schema: public; Owner: lootuser
--

SELECT pg_catalog.setval('public.signals_id_seq', 278, true);


--
-- Data for Name: trades; Type: TABLE DATA; Schema: public; Owner: lootuser
--

COPY public.trades (id, order_id, side, amount, ts, pair) FROM stdin;
14012901777	223	sell	0.00200000009	2018-07-05 07:24:36.549	BTCUSD
14014531560	224	buy	0.00200000009	2018-07-05 08:34:37.8	BTCUSD
14015640453	225	buy	0.00200000009	2018-07-05 09:24:03.152	BTCUSD
14017423965	226	sell	0.00200000009	2018-07-05 10:49:03.201	BTCUSD
14017579914	227	sell	0.00200000009	2018-07-05 10:54:04.052	BTCUSD
14017995463	228	buy	0.00200000009	2018-07-05 11:09:03.14	BTCUSD
14018213469	229	sell	0.00200000009	2018-07-05 11:19:03.092	BTCUSD
14018424464	230	buy	0.00200000009	2018-07-05 11:29:03.379	BTCUSD
14018533377	231	buy	0.00200000009	2018-07-05 11:34:03.168	BTCUSD
14018792995	232	buy	0.00200000009	2018-07-05 11:44:05.121	BTCUSD
14019047095	233	buy	0.00200000009	2018-07-05 11:54:03.233	BTCUSD
14023438295	234	sell	0.00600000005	2018-07-05 14:44:04.24	BTCUSD
14024194061	235	sell	0.00200000009	2018-07-05 15:09:03.224	BTCUSD
14027474538	236	buy	0.00200000009	2018-07-05 17:04:03.297	BTCUSD
14028896452	237	sell	0.00200000009	2018-07-05 18:04:03.298	BTCUSD
14031399032	238	buy	0.00200000009	2018-07-05 19:34:03.366	BTCUSD
14031584312	239	sell	0.00200000009	2018-07-05 19:39:03.383	BTCUSD
14031915451	240	buy	0.00200000009	2018-07-05 19:49:03.416	BTCUSD
14032065349	241	sell	0.00200000009	2018-07-05 19:54:01.397	BTCUSD
14037693389	242	sell	0.0500000007	2018-07-05 23:21:16.068	BTCUSD
14064901447	243	buy	0.0500000007	2018-07-06 17:11:31.611	BTCUSD
14082796143	244	buy	0.0500000007	2018-07-07 05:11:31.116	BTCUSD
14096812342	245	sell	0.0500000007	2018-07-07 15:06:44.771	BTCUSD
14102422312	246	sell	0.0500000007	2018-07-07 19:06:44.671	BTCUSD
14111368231	247	buy	0.0500000007	2018-07-08 01:06:44.738	BTCUSD
14117352492	248	buy	0.0399999991	2018-07-08 05:06:45.787	BTCUSD
14190123564	249	sell	0.0399999991	2018-07-10 07:44:57.291	BTCUSD
14226048747	250	sell	0.0399999991	2018-07-11 07:19:59.646	BTCUSD
14261855500	251	buy	0.0399999991	2018-07-12 08:20:00.091	BTCUSD
14274337685	252	sell	0.0500000007	2018-07-12 17:19:59.991	BTCUSD
14281960908	253	buy	0.0500000007	2018-07-12 23:19:59.605	BTCUSD
14312508814	254	sell	0.0500000007	2018-07-13 21:19:59.826	BTCUSD
14336407431	255	buy	0.0500000007	2018-07-14 15:20:01.245	BTCUSD
14354058384	256	buy	0.0399999991	2018-07-15 05:20:01.08	BTCUSD
14356408677	257	buy	0.0399999991	2018-07-15 07:20:00.041	BTCUSD
14358605094	258	sell	0.0279389098	2018-07-15 09:20:00.239	BTCUSD
14360076276	259	sell	0.0520610884	2018-07-15 10:20:00.173	BTCUSD
14361301421	260	buy	0.0399999991	2018-07-15 11:20:00.978	BTCUSD
14362653751	261	sell	0.0399999991	2018-07-15 12:20:00.198	BTCUSD
14363755000	262	buy	0.0399999991	2018-07-15 13:20:00.445	BTCUSD
14386718428	263	sell	0.0399999991	2018-07-16 11:20:00.568	BTCUSD
14412213484	264	buy	0.0399999991	2018-07-17 06:11:09.196	BTCUSD
14432001173	265	sell	0.0399999991	2018-07-17 19:11:07.373	BTCUSD
14454019528	266	buy	0.0399999991	2018-07-18 09:27:57.124	BTCUSD
14457088790	267	sell	0.0399999991	2018-07-18 11:27:57.983	BTCUSD
14461665648	268	buy	0.0399999991	2018-07-18 14:27:58.116	BTCUSD
14463471753	269	sell	0.0399999991	2018-07-18 15:27:59.143	BTCUSD
14465146546	270	buy	0.0399999991	2018-07-18 16:27:57.908	BTCUSD
14470153133	271	sell	0.0399999991	2018-07-18 19:27:56.883	BTCUSD
14471929124	272	buy	0.0399999991	2018-07-18 20:27:57.978	BTCUSD
14544574725	273	sell	0.0399999991	2018-07-20 19:27:57.566	BTCUSD
14561576244	274	sell	0.0399999991	2018-07-21 05:27:58.746	BTCUSD
14580752890	275	buy	0.0399999991	2018-07-21 18:27:58.169	BTCUSD
14594833488	276	buy	0.0399999991	2018-07-22 03:27:58.474	BTCUSD
14642539695	277	sell	0.0399999991	2018-07-23 08:32:06.806	BTCUSD
14644491261	278	buy	0.0399999991	2018-07-23 09:32:06.84	BTCUSD
\.


--
-- Name: trades_id_seq; Type: SEQUENCE SET; Schema: public; Owner: lootuser
--

SELECT pg_catalog.setval('public.trades_id_seq', 1, false);


--
-- Name: positions_pkey; Type: CONSTRAINT; Schema: public; Owner: lootuser
--

ALTER TABLE ONLY public.positions
    ADD CONSTRAINT positions_pkey PRIMARY KEY (id);


--
-- Name: signals_pkey; Type: CONSTRAINT; Schema: public; Owner: lootuser
--

ALTER TABLE ONLY public.orders
    ADD CONSTRAINT signals_pkey PRIMARY KEY (id);


--
-- Name: trades_pkey; Type: CONSTRAINT; Schema: public; Owner: lootuser
--

ALTER TABLE ONLY public.trades
    ADD CONSTRAINT trades_pkey PRIMARY KEY (id);


--
-- Name: position_fk; Type: FK CONSTRAINT; Schema: public; Owner: lootuser
--

ALTER TABLE ONLY public.orders
    ADD CONSTRAINT position_fk FOREIGN KEY (position_id) REFERENCES public.positions(id);


--
-- Name: trades_signal_fkey; Type: FK CONSTRAINT; Schema: public; Owner: lootuser
--

ALTER TABLE ONLY public.trades
    ADD CONSTRAINT trades_signal_fkey FOREIGN KEY (order_id) REFERENCES public.orders(id);


--
-- Name: SCHEMA public; Type: ACL; Schema: -; Owner: postgres
--

REVOKE ALL ON SCHEMA public FROM PUBLIC;
REVOKE ALL ON SCHEMA public FROM postgres;
GRANT ALL ON SCHEMA public TO postgres;
GRANT ALL ON SCHEMA public TO PUBLIC;


--
-- PostgreSQL database dump complete
--

